name,index
region1,1
region2,2
region3,3
region4,4
region5,5
region6,6
region7,7
region8,8
region9,9
region10,10
region11,11
region12,12
region13,13
region14,14
region15,15
region16,16
region17,17
region18,18
region19,19
region20,20
region21,21
region22,22
region23,23
region24,24
region25,25
region26,26
region27,27
region28,28
region29,29
region30,30
region31,31
region32,32
region33,33
region34,34
region35,35
region36,36
region37,37
region38,38
region39,39
region40,40
region41,41
region42,42
region43,43
region44,44
region45,45
region46,46
region47,47
region48,48
region49,49
region50,50
region51,51
region52,52
region53,53
region54,54
region55,55
region56,56
region57,57
region58,58
region59,59
region60,60
region61,61
region62,62
region63,63
region64,64
region65,65
region66,66
region67,67
region68,68
region69,69
region70,70
region71,71
region72,72
region73,73
region74,74
region75,75
region76,76
region77,77
region78,78
region79,79
region80,80
region81,81
region82,82
region83,83
region84,84
region85,85
region86,86
region87,87
region88,88
region89,89
region90,90
region91,91
region92,92
region93,93
region94,94
region95,95
region96,96
region97,97
region98,98
region99,99
region100,100
region101,101
region102,102
region103,103
region104,104
region105,105
region106,106
region107,107
region108,108
region109,109
region110,110
region111,111
region112,112
region113,113
region114,114
region115,115
region116,116
region117,117
region118,118
region119,119
region120,120
region121,121
region122,122
region123,123
region124,124
region125,125
region126,126
region127,127
region128,128
region129,129
region130,130
region131,131
region132,132
region133,133
region134,134
region135,135
region136,136
region137,137
region138,138
region139,139
region140,140
region141,141
region142,142
region143,143
region144,144
region145,145
region146,146
region147,147
region148,148
region149,149
region150,150
region151,151
region152,152
region153,153
region154,154
region155,155
region156,156
region157,157
region158,158
region159,159
region160,160
region161,161
region162,162
region163,163
region164,164
region165,165
region166,166
region167,167
region168,168
region169,169
region170,170
region171,171
region172,172
region173,173
region174,174
region175,175
region176,176
region177,177
region178,178
region179,179
region180,180
region181,181
region182,182
region183,183
region184,184
region185,185
region186,186
region187,187
region188,188
region189,189
region190,190
region191,191
region192,192
region193,193
region194,194
region195,195
region196,196
region197,197
region198,198
region199,199
region200,200
region201,201
region202,202
region203,203
region204,204
region205,205
region206,206
region207,207
region208,208
region209,209
region210,210
region211,211
region212,212
region213,213
region214,214
region215,215
region216,216
region217,217
region218,218
region219,219
region220,220
region221,221
region222,222
region223,223
region224,224
region225,225
region226,226
region227,227
region228,228
region229,229
region230,230
region231,231
region232,232
region233,233
region234,234
region235,235
region236,236
region237,237
region238,238
region239,239
region240,240
region241,241
region242,242
region243,243
region244,244
region245,245
region246,246
region247,247
region248,248
region249,249
region250,250
region251,251
region252,252
region253,253
region254,254
region255,255
region256,256
region257,257
region258,258
region259,259
region260,260
region261,261
region262,262
region263,263
region264,264
region265,265
region266,266
region267,267
region268,268
region269,269
region270,270
region271,271
region272,272
region273,273
region274,274
region275,275
region276,276
region277,277
region278,278
region279,279
region280,280
region281,281
region282,282
region283,283
region284,284
region285,285
region286,286
region287,287
region288,288
region289,289
region290,290
region291,291
region292,292
region293,293
region294,294
region295,295
region296,296
region297,297
region298,298
region299,299
region300,300
region301,301
region302,302
region303,303
region304,304
region305,305
region306,306
region307,307
region308,308
region309,309
region310,310
region311,311
region312,312
region313,313
region314,314
region315,315
region316,316
region317,317
region318,318
region319,319
region320,320
region321,321
region322,322
region323,323
region324,324
region325,325
region326,326
region327,327
region328,328
region329,329
region330,330
region331,331
region332,332
region333,333
region334,334
region335,335
region336,336
region337,337
region338,338
region339,339
region340,340
region341,341
region342,342
region343,343
region344,344
region345,345
region346,346
region347,347
region348,348
region349,349
region350,350
region351,351
region352,352
region353,353
region354,354
region355,355
region356,356
region357,357
region358,358
region359,359
region360,360
region361,361
region362,362
region363,363
region364,364
region365,365
region366,366
region367,367
region368,368
region369,369
region370,370
region371,371
region372,372
region373,373
region374,374
region375,375
region376,376
region377,377
region378,378
region379,379
region380,380
region381,381
region382,382
region383,383
region384,384
region385,385
region386,386
region387,387
region388,388
region389,389
region390,390
region391,391
region392,392
region393,393
region394,394
region395,395
region396,396
region397,397
region398,398
region399,399
region400,400
region401,401
region402,402
region403,403
region404,404
region405,405
region406,406
region407,407
region408,408
region409,409
region410,410
region411,411
region412,412
region413,413
region414,414
region415,415
region416,416
region417,417
region418,418
region419,419
region420,420
region421,421
region422,422
region423,423
region424,424
region425,425
region426,426
region427,427
region428,428
region429,429
region430,430
region431,431
region432,432
region433,433
region434,434
region435,435
region436,436
region437,437
region438,438
region439,439
region440,440
region441,441
region442,442
region443,443
region444,444
region445,445
region446,446
region447,447
region448,448
region449,449
region450,450
region451,451
region452,452
region453,453
region454,454
region455,455
region456,456
region457,457
region458,458
region459,459
region460,460
region461,461
region462,462
region463,463
region464,464
region465,465
region466,466
region467,467
region468,468
region469,469
region470,470
region471,471
region472,472
region473,473
region474,474
region475,475
region476,476
region477,477
region478,478
region479,479
region480,480
region481,481
region482,482
region483,483
region484,484
region485,485
region486,486
region487,487
region488,488
region489,489
region490,490
region491,491
region492,492
region493,493
region494,494
region495,495
region496,496
region497,497
region498,498
region499,499
region500,500
region501,501
region502,502
region503,503
region504,504
region505,505
region506,506
region507,507
region508,508
region509,509
region510,510
region511,511
region512,512
region513,513
region514,514
region515,515
region516,516
region517,517
region518,518
region519,519
region520,520
region521,521
region522,522
region523,523
